<?xml version="1.0" encoding="UTF-8"?>
<beans xmlns="http://www.springframework.org/schema/beans"
	xmlns:xsi="http://www.w3.org/2001/XMLSchema-instance"
	xsi:schemaLocation="http://www.springframework.org/schema/beans http://www.springframework.org/schema/beans/spring-beans.xsd">
	
	<bean id="dataSource"
				class="org.springframework.jdbc.datasource.DriverManagerDataSource">
		<property name="driverClassName">
			<value>oracle.jdbc.driver.OracleDriver</value>
		</property>
		<property name="url">
			<value>jdbc:oracle:thin:@127.0.0.1:1521:xe</value>
		</property>
		<property name="username" value="javaweb"/>
		<property name="password" value="javaweb"/>
	</bean>
	
	<bean id="jdbcTemplate" 
	 		class="org.springframework.jdbc.core.JdbcTemplate">
	 	<property name="dataSource" ref="dataSource"/>
	 </bean>
	 
	 <bean id="memberDAO" class="member.dao.MemberDAOImpl">
		<property name="jdbcTemplate" ref="jdbcTemplate"/>			
	</bean>
	
	<bean name="/member.do"
						class="member.controller.MemberIndexController">
	</bean>
	<bean name="/index.do"
						class="member.controller.IndexController">
	</bean>
	<bean name="/memberSsn.do"
						class="member.controller.MemberSsnController">
	</bean>
	<bean name="/checkMember.do"
						class="member.controller.CheckMemberController">
		<property name="memberDAO" ref="memberDAO"/>				
	</bean>
	<bean name="/member_input_ok.do"
						class="member.controller.MemberInputOkController">
		<property name="commandClass" value="member.dto.MemberDTO"/>
		<property name="commandName" value="memberCmd"/>	
		<property name="memberDAO" ref="memberDAO"/>				
	</bean>
	<bean name="/memberAll.do"
						class="member.controller.MemberAllController">
		<property name="memberDAO" ref="memberDAO"/>				
	</bean>
	<bean name="/member_delete.do"
						class="member.controller.MemberDeleteController">
		<property name="memberDAO" ref="memberDAO"/>							
	</bean>
	<bean name="/member_edit.do"
						class="member.controller.MemberEditController">
		<property name="memberDAO" ref="memberDAO"/>	<!-- 값을 넘겨 받을 메소드 정의 -->						
	</bean>
	<bean name="/member_edit_ok.do"
						class="member.controller.MemberEditOkController">
		<property name="commandClass" value="member.dto.MemberDTO"/>
		<property name="commandName" value="memberCmd"/>	
		<property name="memberDAO" ref="memberDAO"/>					
	</bean>
</beans>










