<?xml version="1.0" encoding="UTF-8"?>
<beans xmlns="http://www.springframework.org/schema/beans"
	xmlns:xsi="http://www.w3.org/2001/XMLSchema-instance"
	xmlns:context="http://www.springframework.org/schema/context"
	xsi:schemaLocation="http://www.springframework.org/schema/beans http://www.springframework.org/schema/beans/spring-beans.xsd
		http://www.springframework.org/schema/context http://www.springframework.org/schema/context/spring-context-3.1.xsd">

	<context:annotation-config />
	
	<bean id="dataSource"
				class="org.springframework.jdbc.datasource.DriverManagerDataSource">
		<property name="driverClassName">
			<value>oracle.jdbc.driver.OracleDriver</value>
		</property>
		<property name="url">
			<value>jdbc:oracle:thin:@127.0.0.1:1521:xe</value>
		</property>
		<property name="username" value="javaweb"/>
		<property name="password" value="javaweb"/>
	</bean>
	
	<bean id="jdbcTemplate" 
	 		class="org.springframework.jdbc.core.JdbcTemplate">
	 	<property name="dataSource" ref="dataSource"/>
	 </bean>
	 
	 <bean id="boardDAO" class="board.dao.BoardDAOImpl">
		<property name="jdbcTemplate" ref="jdbcTemplate"/>			
	</bean>

	<bean class="board.controller.BoardController" />
	
	<bean id="viewResolver"
				class="org.springframework.web.servlet.view.InternalResourceViewResolver">
		<property name="prefix">
			<value>/WEB-INF/board/</value>
		</property>
		<property name="suffix">
			<value>.jsp</value>
		</property>	
	</bean>
	
	<bean id="multipartResolver"
class="org.springframework.web.multipart.commons.CommonsMultipartResolver" />
</beans>
