<?xml version="1.0" encoding="UTF-8"?>
<!DOCTYPE mapper
		PUBLIC "-//mybatis.org//DTD Mapper 3.0//EN"
		"http://mybatis.org/dtd/mybatis-3-mapper.dtd">

<mapper namespace="mybatis.boardMapper">
	<select id="listBoard" resultType="boardDTO">
		select * from (select rownum rn, A.* from 
		(select * from spring_board order by re_group desc, re_step asc)A)
		where rn between #{start} and #{end}
	</select>
	
	<select id="getBoard" resultType="boardDTO" parameterType="int">
		select * from spring_board where num = #{num}	
	</select>
	
	<select id="getCount" resultType="Integer">
		select count(*) from spring_board
	</select>
	
	<select id="maxNum" resultType="Integer">
		select max(num) from spring_board
	</select>
	
	<select id="isPassword" resultType="String" parameterType="int">
		select passwd from spring_board where num = #{num}	
	</select>
	
	<update id="plusReadcount" parameterType="int">
		update spring_board set readcount = readcount + 1
		where num = #{num}	
	</update>
	
	<update id="plusRe_step" parameterType="java.util.Map">
		update spring_board set re_step=re_step+1
					where re_step>#{re_step} and re_group = #{re_group}
	</update>
	
	<insert id="insertBoard" parameterType="boardDTO">
		insert into spring_board values (spring_board_seq.nextval, 
			#{writer},#{email},#{subject},#{passwd},sysdate,0,
			#{content}, #{ip}, #{re_group}, #{re_step}, #{re_level}) 
	</insert>
	
	<delete id="deleteBoard" parameterType="int">
		delete from spring_board where num = #{num}
	</delete>
	
	<update id="updateBoard" parameterType="boardDTO">
		update spring_board set writer=#{writer}, email=#{email},
		subject=#{subject}, passwd=#{passwd}, content=#{content}
		where num = #{num}
	</update>
	
	<!-- 
	<select id="getMember" parameterType="int" resultType="memberDTO">
		select * from jsp_member where no = #{no}
	</select>
		
	<select id="checkMember" parameterType="java.util.Map" resultType="memberDTO">
		select * from jsp_member where ssn1=#{ssn1} and ssn2=#{ssn2}
	</select>
	
	<insert id="insertMember" parameterType="memberDTO">
		insert into jsp_member values (member_no.nextval, 
		#{name},#{id},#{passwd},#{ssn1},#{ssn2},
		#{email},#{hp1},#{hp2},#{hp3},sysdate) 
	</insert>
	
	
	<select id="findMember" parameterType="java.util.Map" resultType="memberDTO">
		select * from jsp_member 
		<if test="searchString != ''">
			where ${search} = #{searchString}
		</if>
		<if test="searchString == ''">
			where id = #{searchString}
		</if>
	</select>
	
	
	
	<delete id="updateMember" parameterType="memberDTO">
		update jsp_member set passwd=#{passwd}, 
			email=#{email}, hp1=#{hp}, hp2=#{hp2}, hp3=#{hp3}
			where no=#{no}
	</delete>
	-->
</mapper>













