<?xml version="1.0" encoding="UTF-8"?>
<beans xmlns="http://www.springframework.org/schema/beans"
	xmlns:xsi="http://www.w3.org/2001/XMLSchema-instance"
	xmlns:context="http://www.springframework.org/schema/context"
	xsi:schemaLocation="http://www.springframework.org/schema/beans http://www.springframework.org/schema/beans/spring-beans.xsd
		http://www.springframework.org/schema/context http://www.springframework.org/schema/context/spring-context-3.1.xsd">

	<context:annotation-config />
	<bean id="dataSource"
				class="org.springframework.jdbc.datasource.DriverManagerDataSource">
		<property name="driverClassName">
			<value>oracle.jdbc.driver.OracleDriver</value>
		</property>
		<property name="url">
			<value>jdbc:oracle:thin:@127.0.0.1:1521:xe</value>
		</property>
		<property name="username" value="javaweb"/>
		<property name="password" value="javaweb"/>
	</bean>
	
	<bean id="jdbcTemplate" 
	 		class="org.springframework.jdbc.core.JdbcTemplate">
	 	<property name="dataSource" ref="dataSource"/>
	 </bean>
	
	<bean id="boardDAO" class="board.dao.BoardDAOImpl">
		<property name="jdbcTemplate" ref="jdbcTemplate"/>			
	</bean>
	
	<!-- 여기에 bean을 등록해준다. 
			HandlerMapping에서 제공하는 클래스는 여기를 보고 이동시킨다 -->
	<bean class="board.controller.BoardController"/>			
	<!-- 	
	<bean name="/board_list.do" 
							class="board.controller.BoardListController">
	 	<property name="boardDAO" ref="boardDAO" />
	</bean>	
	<bean name="/board_writeForm.do"
							class="board.controller.BoardWriteFormController">
	</bean>
	<bean name="/board_writePro.do"
							class="board.controller.BoardWriteProController">
		<property name="boardDAO" ref="boardDAO" />
		<property name="commandClass" value="board.dto.BoardDTO"/>
		<property name="commandName" value="boardCmd"/>
	</bean>
	<bean name="/board_content.do"
							class="board.controller.BoardContentController">
		<property name="boardDAO" ref="boardDAO" />
	</bean>
	<bean name="/board_deleteForm.do"
							class="board.controller.BoardDeleteFormController">
	</bean>
	<bean name="/board_deletePro.do"
							class="board.controller.BoardDeleteProController">
		<property name="boardDAO" ref="boardDAO" />								
	</bean>		
	<bean name="/board_updatForm.do"
							class="board.controller.BoardUpdateFormController">
		<property name="boardDAO" ref="boardDAO" />					
	</bean>
	<bean name="/board_updatePro.do"
							class="board.controller.BoardUpdateProController">
		<property name="boardDAO" ref="boardDAO" />					
	</bean>-->
						
	<bean id="viewResolver"
				class="org.springframework.web.servlet.view.InternalResourceViewResolver">
		<property name="prefix">
			<value>WEB-INF/board/</value>
		</property>
		<property name="suffix">
			<value>.jsp</value>
		</property>	
	</bean>									
</beans>







